M,N,K,optimized_us,torch_us,gems_us,speedup_vs_torch,speedup_vs_gems,torch_layout,gems_layout
16384,1,2048,95.26695251464844,213.24739456176758,3005.1202392578125,2.2384193986784475,31.5442045739391,torch_row,gems_row
1,1,2048,5.254749953746796,6.777999997138977,79.51405048370361,1.2898805950425973,15.131842843826982,torch_row,gems_row
104,1,2048,11.199550032615662,18.287500143051147,82.28775024414062,1.6328781147272655,7.347415744784371,torch_row,gems_row
112,1,2048,11.081900000572205,18.266050219535828,82.39115238189697,1.648277842120275,7.4347496708725735,torch_row,gems_row
120,1,2048,12.14834988117218,18.910500407218933,82.50804901123047,1.5566311961863153,6.791708324033664,torch_row,gems_row
128,1,2048,11.776700019836426,18.867900371551514,78.40939998626709,1.602138149037576,6.658011145244079,torch_row,gems_row
136,1,2048,12.813850045204163,19.536799788475037,129.00265216827393,1.5246627453539674,10.06743888161511,torch_row,gems_row
144,1,2048,12.37820029258728,19.528200030326843,124.41425323486328,1.5776283763982524,10.051077724874844,torch_row,gems_row
152,1,2048,13.510299921035767,20.193700790405273,140.69069862365723,1.49468930434056,10.413588110253528,torch_row,gems_row
16,1,2048,6.060099899768829,6.758649945259094,79.97205018997192,1.1152703844893568,13.19649040653976,torch_row,gems_row
160,1,2048,12.834100127220154,20.250449180603027,134.10339832305908,1.5778628014326739,10.448991124717496,torch_row,gems_row
168,1,2048,13.215849995613098,20.711500644683838,127.34049797058105,1.5671712868683334,9.635437600521403,torch_row,gems_row
176,1,2048,14.754549860954285,20.868799686431885,132.66564846038818,1.414397584683898,8.991507684790035,torch_row,gems_row
184,1,2048,14.75160002708435,21.223750114440918,142.11144924163818,1.4387422432463948,9.63362950328897,torch_row,gems_row
192,1,2048,16.018099784851074,21.34695053100586,131.14500045776367,1.3326768354380263,8.187300754724507,torch_row,gems_row
2,1,2048,5.34280002117157,6.778300106525421,79.48995113372803,1.268679359074921,14.877957404121119,torch_row,gems_row
200,1,2048,15.058850049972534,22.046949863433838,141.23250007629395,1.464052685980099,9.378704191064811,torch_row,gems_row
208,1,2048,14.708349704742432,22.18204975128174,134.48780059814453,1.5081263497650965,9.143636322080475,torch_row,gems_row
216,1,2048,15.01455008983612,22.782399654388428,127.8595495223999,1.5173548003819735,8.515709678770365,torch_row,gems_row
224,1,2048,16.425650119781494,22.89870023727417,134.0171480178833,1.3940818214371404,8.15901635798791,torch_row,gems_row
232,1,2048,15.565549731254578,23.516900539398193,142.2518014907837,1.5108300667452712,9.13888709019712,torch_row,gems_row
24,1,2048,6.156049966812134,6.909549832344055,79.95090007781982,1.1223998943468803,12.987370230723098,torch_row,gems_row
240,1,2048,15.92490017414093,23.67069959640503,142.47789859771729,1.4863954773695747,8.946862902731086,torch_row,gems_row
248,1,2048,16.24119997024536,24.702550172805786,133.43605041503906,1.5209806059935236,8.215898496385744,torch_row,gems_row
256,1,2048,23.29669952392578,24.413100481033325,143.59979629516602,1.0479209922401667,6.163954518436768,torch_row,gems_row
272,1,2048,16.64180040359497,25.382750034332275,152.9713010787964,1.5252406241363814,9.191992294640876,torch_row,gems_row
288,1,2048,19.66640055179596,25.69350004196167,175.28244972229004,1.306466832824439,8.912787536318284,torch_row,gems_row
304,1,2048,16.73075020313263,26.653800010681152,175.02859115600586,1.5931025021036147,10.461490909309846,torch_row,gems_row
32,1,2048,6.392799913883209,17.454950213432312,80.10964870452881,2.7304077162692812,12.53123041291424,torch_row,gems_row
320,1,2048,19.56595003604889,27.96370029449463,190.63255310058594,1.4292022745112543,9.74307676087074,torch_row,gems_row
336,1,2048,16.868900060653687,27.788898944854736,184.68740463256836,1.6473450459091694,10.948396396238508,torch_row,gems_row
352,1,2048,19.911499619483948,27.95704960823059,171.68874740600586,1.4040654969490018,8.622592506191936,torch_row,gems_row
368,1,2048,16.80429995059967,27.375600337982178,198.77220153808594,1.6290830572210337,11.828651126344162,torch_row,gems_row
384,1,2048,16.586250066757202,25.88984966278076,193.71569633483887,1.5609224242114974,11.679294328444456,torch_row,gems_row
4,1,2048,5.489200055599213,6.779199838638306,79.74070072174072,1.2350068807791472,14.526834495748044,torch_row,gems_row
40,1,2048,7.144300043582916,16.562700271606445,80.26540279388428,2.318309725314971,11.234886875444081,torch_row,gems_row
400,1,2048,18.295799493789673,27.802950143814087,205.06170272827148,1.519635703990499,11.208130193921159,torch_row,gems_row
416,1,2048,17.07864999771118,27.790451049804688,186.72934532165527,1.627204202529419,10.933495642025573,torch_row,gems_row
432,1,2048,18.468850255012512,29.137200117111206,208.69279861450195,1.5776401733076624,11.299717943073473,torch_row,gems_row
448,1,2048,17.16600000858307,26.923049688339233,236.92045211791992,1.5683938992705115,13.801727368021597,torch_row,gems_row
464,1,2048,18.445950150489807,26.040650606155396,231.48255348205566,1.4117272568615242,12.549234471172468,torch_row,gems_row
48,1,2048,7.318899929523468,16.32420003414154,80.34150123596191,2.2304171653299822,10.977264617579344,torch_row,gems_row
480,1,2048,18.486199975013733,28.111549615859985,252.52220153808594,1.52067756779955,13.660038400504122,torch_row,gems_row
496,1,2048,17.807400226593018,27.799700498580933,229.60740089416504,1.561131897123631,12.89393162238677,torch_row,gems_row
512,1,2048,20.10480046272278,29.065600633621216,221.0250949859619,1.4457045066183603,10.993647780577309,torch_row,gems_row
56,1,2048,7.479299902915955,16.919999718666077,80.55530071258545,2.2622437846180596,10.770433296996067,torch_row,gems_row
64,1,2048,8.382599949836731,16.798200011253357,80.61339855194092,2.0039367394098937,9.616753636622136,torch_row,gems_row
72,1,2048,9.823899865150452,17.481200098991394,81.72405242919922,1.7794562586091336,8.318901205325714,torch_row,gems_row
8,1,2048,5.667150020599365,6.798499822616577,79.84280109405518,1.1996329368209595,14.088704340600973,torch_row,gems_row
80,1,2048,10.220999717712402,17.374500036239624,82.01319694519043,1.6998826451516889,8.023989747604267,torch_row,gems_row
88,1,2048,10.489299893379211,17.956349849700928,82.07775115966797,1.7118730546578116,7.824902709805732,torch_row,gems_row
96,1,2048,10.83899974822998,17.835450172424316,82.15144634246826,1.6454885678299664,7.579246079038214,torch_row,gems_row
2048,1,2048,29.861899614334106,50.06784915924072,846.5952301025391,1.676646489535699,28.3503474673849,torch_row,gems_row
8,248320,2048,512.7047920227051,774.1770935058594,1860.061264038086,1.5099860690819817,3.627938129268964,torch_column,gems_column
1,248320,2048,518.0565452575684,704.9514389038086,1818.5113525390625,1.3607615719888637,3.5102564945587775,torch_column,gems_column
2,248320,2048,511.270809173584,723.2001876831055,1822.1397399902344,1.4145149198955507,3.5639424494731733,torch_column,gems_column
3,248320,2048,518.2081031799316,729.8335266113281,1830.5159759521484,1.4083792247415245,3.5323955081353846,torch_column,gems_column
4,248320,2048,520.5481910705566,745.3092575073242,1832.9235076904297,1.4317776342177373,3.5211408648272293,torch_column,gems_column
5,248320,2048,525.1567077636719,754.4158935546875,1846.8817138671875,1.4365538560238396,3.516820192075526,torch_column,gems_column
6,248320,2048,516.1398506164551,761.7847061157227,1845.6124114990234,1.4759269318303556,3.575799096494301,torch_column,gems_column
7,248320,2048,509.31575775146484,768.8587951660156,1856.1570739746094,1.5095916108317273,3.6444132067878687,torch_column,gems_column
2048,248320,2048,8203.163464864096,8571.45341237386,17318.010330200195,1.04489608784309,2.111138026735288,torch_column,gems_column
16384,1024,2048,220.66064834594727,285.7392978668213,574.4782066345215,1.294926394935834,2.603446563493579,torch_column,gems_column
1,1024,2048,4.225299954414368,7.312849760055542,16.753249764442444,1.7307291408780263,3.9649847218395804,torch_column,gems_column
104,1024,2048,7.848549783229828,9.983050227165222,20.946199893951416,1.2719611269455446,2.668798755498453,torch_row,gems_column
112,1024,2048,7.848750054836273,9.463150203227997,21.135400533676147,1.2056888214190178,2.6928364881046063,torch_row,gems_column
120,1024,2048,7.727400064468384,10.006700158119202,21.23439908027649,1.294963386732278,2.74793577440297,torch_row,gems_column
128,1024,2048,7.839699983596802,9.343200027942657,12.901700139045715,1.1917803037733161,1.6456879939334748,torch_row,gems_column
136,1024,2048,8.45024973154068,10.339699983596802,17.76924967765808,1.2235969719337076,2.10280763790141,torch_row,gems_column
144,1024,2048,8.515999913215637,9.832800030708313,18.303449749946594,1.154626600623749,2.1493013077116414,torch_row,gems_column
152,1024,2048,8.681000173091888,10.327550172805786,18.24779987335205,1.1896728449352687,2.1020388791045006,torch_row,gems_column
16,1024,2048,4.389300048351288,5.948249995708466,41.88045024871826,1.355170512424356,9.541487204651098,torch_column,gems_row
160,1024,2048,8.43559980392456,9.821400046348572,18.3645498752594,1.1642799889320596,2.1770295298640785,torch_row,gems_column
168,1024,2048,8.993450105190277,10.789899826049805,18.47075045108795,1.1997508964688386,2.0538002918844414,torch_row,gems_column
176,1024,2048,8.96269977092743,10.232300162315369,18.6660498380661,1.141653790022754,2.0826369637655064,torch_row,gems_column
184,1024,2048,8.93990010023117,10.75480043888092,19.021350145339966,1.2030112549694845,2.1276915773195393,torch_row,gems_column
192,1024,2048,9.15330022573471,10.186150074005127,19.15809988975525,1.1128390659979157,2.09302649506588,torch_row,gems_column
2,1024,2048,4.290200024843216,7.320750057697296,53.334500789642334,1.7063889831022112,12.4317049276954,torch_column,gems_column
200,1024,2048,9.76060003042221,11.040800213813782,19.608150124549866,1.1311599880541559,2.00890827033527,torch_row,gems_column
208,1024,2048,9.61995005607605,10.559250116348267,20.132850408554077,1.0976408458252802,2.0928227580389547,torch_row,gems_column
216,1024,2048,9.844449758529663,11.07645034790039,20.444849729537964,1.125146719175774,2.076789483518228,torch_row,gems_column
224,1024,2048,9.746350049972534,10.581300258636475,20.62849998474121,1.085667988978735,2.116535921547302,torch_row,gems_column
232,1024,2048,10.72884976863861,11.965000033378601,20.950700044631958,1.1152174083333115,1.9527442826045278,torch_column,gems_column
24,1024,2048,5.417100191116333,7.4504998326301575,18.27785015106201,1.3753668143056423,3.3741022883491083,torch_column,gems_column
240,1024,2048,10.128250122070312,11.692599654197693,21.17365002632141,1.1544540777797865,2.0905536268483575,torch_column,gems_column
248,1024,2048,10.552449822425842,11.993449926376343,21.241999864578247,1.1365559778249898,2.0129922645483895,torch_column,gems_column
256,1024,2048,10.153849720954895,11.676300168037415,13.217000365257263,1.1499382489323806,1.3016738211105119,torch_column,gems_column
272,1024,2048,11.278849840164185,13.598249554634094,29.499549865722656,1.2056415102017306,2.615475007094627,torch_row,gems_column
288,1024,2048,11.430050134658813,13.57795000076294,29.39289927482605,1.1879169243178687,2.571545962488766,torch_row,gems_column
304,1024,2048,11.335349678993225,14.291750192642212,29.68609929084778,1.2608124669614573,2.618895766917745,torch_column,gems_column
32,1024,2048,5.438649952411652,6.501799821853638,18.414900302886963,1.195480473783858,3.3859322559859315,torch_column,gems_column
320,1024,2048,11.615700125694275,13.602799773216248,30.165399312973022,1.171070157288793,2.596950591574438,torch_row,gems_column
336,1024,2048,12.095800042152405,14.155499935150146,31.239500045776367,1.1702822372906245,2.5826733194092557,torch_column,gems_column
352,1024,2048,12.217000126838684,14.2781001329422,31.701550483703613,1.1687075374236615,2.5948719124640642,torch_column,gems_column
368,1024,2048,12.372900247573853,14.240649938583374,32.10955023765564,1.1509548815263229,2.59515146773707,torch_column,gems_column
384,1024,2048,12.337200045585632,13.584499955177307,25.05215048789978,1.101100728283803,2.030618811021361,torch_row,gems_column
4,1024,2048,4.316300004720688,7.3425498604774475,17.36169993877411,1.7011212965843396,4.0223570928308545,torch_column,gems_column
40,1024,2048,6.086150109767914,7.713150084018707,18.492499589920044,1.2673282690874734,3.038456044690825,torch_column,gems_column
400,1024,2048,12.407900094985962,15.102649927139282,33.478249311447144,1.2171801684027315,2.6981398185963568,torch_column,gems_column
416,1024,2048,12.91189968585968,18.071200251579285,34.66284990310669,1.3995771878068224,2.684566233198614,torch_column,gems_column
432,1024,2048,13.038349747657776,18.124600052833557,34.94104981422424,1.390099238294285,2.6798675055101273,torch_column,gems_column
448,1024,2048,13.17234992980957,18.23715031147003,36.36030077934265,1.3845024167023234,2.7603503530571865,torch_column,gems_column
464,1024,2048,13.186599612236023,18.08619976043701,37.87474989891052,1.3715590290353992,2.872215052602798,torch_column,gems_column
48,1024,2048,6.040249764919281,7.018350064754486,18.625499606132507,1.161930439617885,3.0835644768046127,torch_column,gems_column
480,1024,2048,13.187949657440186,15.289750099182129,38.72439980506897,1.1593727983755366,2.936347257226752,torch_row,gems_column
496,1024,2048,13.999750018119812,14.911749958992004,39.346699714660645,1.0651440161211303,2.810528735422732,torch_column,gems_column
512,1024,2048,14.057850241661072,15.289949774742126,24.344249963760376,1.087644946553042,1.731719256164438,torch_row,gems_column
56,1024,2048,6.092599928379059,7.957200109958649,19.043850302696228,1.3060434303086874,3.1257345840140958,torch_column,gems_column
64,1024,2048,6.3483500480651855,7.604800164699554,19.213449954986572,1.1979175860060367,3.026526547766902,torch_column,gems_column
72,1024,2048,7.162749767303467,9.53565001487732,19.71459984779358,1.331283421124897,2.7523786936948182,torch_row,gems_column
8,1024,2048,4.310400038957596,7.35164999961853,17.693450450897217,1.70556095331616,4.104827925710604,torch_column,gems_column
80,1024,2048,7.309550046920776,8.409599959850311,20.25189995765686,1.150494887628951,2.770608290203606,torch_column,gems_column
88,1024,2048,7.173649966716766,9.545699954032898,20.509650707244873,1.3306615179610959,2.8590258518888567,torch_row,gems_column
96,1024,2048,7.250699996948242,8.933449983596802,20.546849966049194,1.2320810387075476,2.833774666542153,torch_column,gems_column
2048,1024,2048,43.80759954452515,47.1310019493103,79.19780015945435,1.075863604473633,1.8078552804282126,torch_column,gems_column
16384,2048,4096,833.5081481933594,1196.4496231079102,2215.918731689453,1.4354384245687717,2.6585447742682398,torch_row,gems_column
1,2048,4096,10.559399724006653,12.34529972076416,32.300299406051636,1.1691289318934757,3.058914355956934,torch_row,gems_column
104,2048,4096,15.292499661445618,16.906299591064453,40.706050395965576,1.105528851747333,2.6618310477122864,torch_row,gems_column
112,2048,4096,15.412500500679016,16.418200135231018,41.090548038482666,1.0652522045016444,2.666053314105156,torch_row,gems_column
120,2048,4096,15.649150013923645,17.875150442123413,41.21734857559204,1.1422441746816416,2.633839444245815,torch_column,gems_column
128,2048,4096,15.663549900054932,17.459099888801575,24.451000690460205,1.1146323790075419,1.561012723582823,torch_column,gems_column
136,2048,4096,17.032350301742554,23.31130027770996,65.972900390625,1.3686484756789565,3.873387948337078,torch_row,gems_column
144,2048,4096,16.766799688339233,22.51430034637451,67.55669832229614,1.3427905602064585,4.02919457368359,torch_row,gems_column
152,2048,4096,17.457300424575806,23.210999965667725,67.71100044250488,1.3295870152404579,3.8786638710291994,torch_row,gems_column
16,2048,4096,11.014500260353088,11.979650259017944,35.20105004310608,1.0876254006855792,3.1958826284486963,torch_column,gems_column
160,2048,4096,17.790150046348572,22.48674988746643,67.89590120315552,1.2640000128656494,3.816488395334875,torch_row,gems_column
168,2048,4096,19.604049921035767,24.489200115203857,68.09260129928589,1.249190866879306,3.4733946084385536,torch_row,gems_column
176,2048,4096,19.395700097084045,23.423399925231934,69.27730083465576,1.2076594197676531,3.571786555158735,torch_row,gems_column
184,2048,4096,20.082699060440063,24.3305504322052,68.88329982757568,1.2115179517942771,3.429982176213832,torch_row,gems_column
192,2048,4096,20.260250568389893,23.518249988555908,70.98094940185547,1.160807459373141,3.5034586152947274,torch_row,gems_column
2,2048,4096,10.572699904441833,12.222350239753723,32.78204917907715,1.1560292404231425,3.1006317662818237,torch_row,gems_column
200,2048,4096,20.46280026435852,24.831700325012207,73.5298490524292,1.213504505943075,3.593342460586943,torch_row,gems_column
208,2048,4096,20.482800006866455,24.779399633407593,75.00324964523315,1.2097662245933558,3.6617674155920965,torch_row,gems_column
216,2048,4096,22.18119978904724,24.675649404525757,75.16309976577759,1.1124578309199595,3.3885948677533686,torch_row,gems_column
224,2048,4096,22.21804976463318,24.787850379943848,75.97560167312622,1.1156627445943204,3.4195441309193857,torch_row,gems_column
232,2048,4096,23.01400065422058,27.539849281311035,77.46175050735474,1.1966563178254037,3.365853319950648,torch_row,gems_column
24,2048,4096,11.98835015296936,13.006600141525269,35.413700342178345,1.0849366239360052,2.9540095084232108,torch_row,gems_column
240,2048,4096,23.016949892044067,26.095550060272217,78.2820987701416,1.1337536112589914,3.4010630920824236,torch_row,gems_column
248,2048,4096,23.847849369049072,27.35909938812256,78.31209897994995,1.1472354997189207,3.2838222754621764,torch_row,gems_column
256,2048,4096,23.987749814987183,26.101449728012085,45.66549777984619,1.0881158061647072,1.9037007694367014,torch_row,gems_column
272,2048,4096,33.81339907646179,39.075050354003906,77.92665004730225,1.1556084694604056,2.3046085923242363,torch_column,gems_column
288,2048,4096,33.7362003326416,38.93784999847412,78.03569793701172,1.1541859964828238,2.313114611828646,torch_column,gems_column
304,2048,4096,33.98615002632141,38.97944927215576,78.26929807662964,1.146921591353159,2.3029763011112485,torch_column,gems_column
32,2048,4096,12.075949907302856,13.126299977302551,35.76020002365112,1.0869786706687565,2.96127429296683,torch_column,gems_column
320,2048,4096,34.280500411987305,38.94850015640259,79.24045085906982,1.1361707002031676,2.3115313343372548,torch_column,gems_column
336,2048,4096,34.11620020866394,38.88270020484924,81.5607500076294,1.1397136834416521,2.390675090097423,torch_column,gems_column
352,2048,4096,34.236650466918945,38.86399984359741,82.39609718322754,1.1351577713815675,2.406663504154488,torch_column,gems_column
368,2048,4096,34.0530002117157,38.99145007133484,83.01034927368164,1.1450224599569967,2.437680931418269,torch_column,gems_column
384,2048,4096,34.444650411605835,38.92430067062378,67.06729888916016,1.130053584678234,1.9471034859614194,torch_column,gems_column
4,2048,4096,10.488799810409546,12.179449796676636,33.635350465774536,1.1611862192840419,3.206787342093548,torch_row,gems_column
40,2048,4096,12.34815001487732,13.814949989318848,35.97930073738098,1.1187870225640517,2.9137401711213693,torch_row,gems_column
400,2048,4096,43.01210165023804,45.68235158920288,132.24994659423828,1.0620813640002653,3.0747148249033858,torch_column,gems_column
416,2048,4096,43.07490110397339,47.844698429107666,133.03500175476074,1.1107326355461857,3.08845750878553,torch_row,gems_column
432,2048,4096,40.64934968948364,47.97940015792847,134.28450107574463,1.1803239295201118,3.3034846092626484,torch_row,gems_column
448,2048,4096,40.57240009307861,47.85259962081909,135.99770069122314,1.1794372408592715,3.351975736688633,torch_row,gems_column
464,2048,4096,40.93354940414429,47.86355018615723,145.0871992111206,1.169298799710521,3.5444568409802097,torch_row,gems_column
48,2048,4096,12.596200108528137,14.261800050735474,36.247349977493286,1.1322303494590926,2.877641643129531,torch_column,gems_column
480,2048,4096,41.029648780822754,47.07474946975708,149.9003028869629,1.147334936285387,3.6534629796057687,torch_column,gems_column
496,2048,4096,41.116201877593994,45.83440065383911,153.28060150146484,1.1147527874848837,3.7279854291452468,torch_column,gems_column
512,2048,4096,41.181800365448,47.24125146865845,88.4107494354248,1.1471390529175212,2.1468403190454595,torch_column,gems_column
56,2048,4096,12.982900142669678,15.208249688148499,36.73390030860901,1.1714061974616112,2.829406365676275,torch_row,gems_column
64,2048,4096,12.306950092315674,14.481300115585327,37.00855016708374,1.1766765938725383,3.0071260458097964,torch_row,gems_column
72,2048,4096,14.665650129318237,15.836150050163269,38.98355007171631,1.0798123445277803,2.6581535580058557,torch_row,gems_column
8,2048,4096,10.758050084114075,12.334499955177307,34.78865027427673,1.1465367663040633,3.2337319497747607,torch_row,gems_column
80,2048,4096,14.878700375556946,15.078949928283691,39.283350706100464,1.0134588067285581,2.6402407276536066,torch_row,gems_column
88,2048,4096,14.852100014686584,16.5719997882843,39.84094977378845,1.115801790446939,2.6825128927486013,torch_row,gems_column
96,2048,4096,15.069350004196167,15.738349556922913,40.256500244140625,1.044394718587096,2.671415836312178,torch_row,gems_column
2048,2048,4096,119.90824699401855,155.16335010528564,281.7234516143799,1.294017334045637,2.349491871300839,torch_row,gems_column
16384,2048,512,139.23029899597168,144.9228000640869,316.41809463500977,1.0408855048733316,2.272623824819658,torch_row,gems_column
1,2048,512,3.4462998807430267,4.705149978399277,5.690350234508514,1.3652758440118218,1.6511477327624975,torch_row,gems_column
104,2048,512,5.507400035858154,6.448200047016144,7.145349979400635,1.170824709487695,1.2974089285103578,torch_row,gems_column
112,2048,512,5.562949776649475,6.275649964809418,7.134349942207336,1.128115517265949,1.2824760655136282,torch_row,gems_column
120,2048,512,5.580900013446808,6.487749814987183,7.252800166606903,1.1624916768541598,1.2995753640329988,torch_row,gems_column
128,2048,512,5.491099953651428,6.311500072479248,5.616050064563751,1.1494054243689875,1.0227550239418306,torch_row,gems_column
136,2048,512,5.083450078964233,6.797000169754028,9.632000029087067,1.3370840795468055,1.8947761617538323,torch_row,gems_column
144,2048,512,5.093599855899811,6.744399964809418,9.883599877357483,1.324093009975552,1.940395821613179,torch_row,gems_column
152,2048,512,5.038350224494934,6.75460010766983,9.954600036144257,1.3406372734533238,1.9757657948722984,torch_row,gems_column
16,2048,512,3.4088000655174255,4.901349991559982,34.09600019454956,1.4378519999283093,10.002346731759433,torch_row,gems_column
160,2048,512,5.240699946880341,6.798349916934967,10.182949900627136,1.2972217424853443,1.943051501486704,torch_row,gems_column
168,2048,512,5.466600060462952,6.892849802970886,10.094850063323975,1.2609025219941092,1.8466414136155167,torch_row,gems_column
176,2048,512,5.478149950504303,6.8689000606536865,10.203049778938293,1.2538722237826576,1.862499177847264,torch_row,gems_column
184,2048,512,5.4890501499176025,7.013899981975555,10.435050129890442,1.2777984879735236,1.9010666408371373,torch_row,gems_column
192,2048,512,5.5525001883506775,6.900950074195862,10.541049838066101,1.242854541216275,1.8984330446636561,torch_row,gems_column
2,2048,512,3.4603500366210938,4.680199921131134,38.451199531555176,1.3525221066077984,11.111939290714467,torch_row,gems_column
200,2048,512,6.031150221824646,6.994749903678894,10.851500034332275,1.159770466065878,1.7992422067459788,torch_row,gems_column
208,2048,512,6.162900030612946,7.2804999351501465,11.096749901771545,1.1813431824280374,1.8005727574113988,torch_row,gems_column
216,2048,512,6.032550036907196,7.1188002824783325,11.0971999168396,1.1800648546510923,1.8395537291770196,torch_row,gems_column
224,2048,512,6.025699973106384,7.28175014257431,11.584649682044983,1.2084488399810593,1.9225400756342064,torch_row,gems_column
232,2048,512,6.440000236034393,7.2829002141952515,11.628400087356567,1.1308850849794219,1.8056521212982244,torch_row,gems_column
24,2048,512,4.357450008392334,4.757699966430664,36.808950901031494,1.0918541709640865,8.447360458556822,torch_row,gems_column
240,2048,512,6.494949758052826,7.03609973192215,11.669549942016602,1.0833185773605676,1.7967113490828774,torch_row,gems_column
248,2048,512,6.464050114154816,7.141000032424927,11.728450059890747,1.1047253511831139,1.8144119944565529,torch_row,gems_column
256,2048,512,6.520899832248688,6.9973501563072205,8.77474993467331,1.0730651192803604,1.3456348296102252,torch_row,gems_column
272,2048,512,7.106499969959259,8.534999787807465,12.464099526405334,1.2010131321869821,1.7539012986834348,torch_column,gems_column
288,2048,512,7.000350058078766,8.450999855995178,12.55370020866394,1.2072253224311673,1.7932960644127105,torch_column,gems_column
304,2048,512,7.084799706935883,8.831500113010406,12.606000304222107,1.2465419600168144,1.7793022845629742,torch_row,gems_column
32,2048,512,4.317999929189682,5.077149868011475,33.98664951324463,1.1758105491595632,7.870924055254114,torch_row,gems_column
320,2048,512,6.99955016374588,8.932600021362305,12.817749977111816,1.276167726838882,1.8312248183463646,torch_row,gems_column
336,2048,512,7.65485018491745,8.982000052928925,13.023900389671326,1.173373722013057,1.7013919377981628,torch_row,gems_column
352,2048,512,7.638800144195557,9.385049939155579,13.216599822044373,1.228602628946502,1.7301931681099394,torch_row,gems_column
368,2048,512,7.641550004482269,9.34330016374588,13.242350220680237,1.2226969866408546,1.732940334475693,torch_row,gems_column
384,2048,512,7.699750065803528,10.050749778747559,11.929599642753601,1.3053345488946966,1.549348945199646,torch_row,gems_column
4,2048,512,3.3732499182224274,4.601199924945831,38.93970012664795,1.3640258019691842,11.543674815285453,torch_row,gems_column
40,2048,512,4.73580002784729,4.933599978685379,6.394599974155426,1.041766955883904,1.3502681567114567,torch_row,gems_column
400,2048,512,7.702800035476685,10.16979992389679,17.412399649620056,1.320273131466204,2.260528583037856,torch_row,gems_column
416,2048,512,8.411700129508972,10.166599750518799,17.938050031661987,1.208626032073289,2.1325118294140983,torch_row,gems_column
432,2048,512,8.309700191020966,10.14775037765503,18.10694992542267,1.2211933215857975,2.17901362373917,torch_row,gems_column
448,2048,512,8.458099961280823,10.098050236701965,18.27899992465973,1.1938910964552851,2.1611236575988295,torch_row,gems_column
464,2048,512,8.329150080680847,10.080400109291077,19.189650416374207,1.2102555496835372,2.303914592784669,torch_row,gems_column
48,2048,512,4.838849902153015,5.32120019197464,6.47709995508194,1.0996828377765977,1.3385618661574925,torch_row,gems_column
480,2048,512,8.527149856090546,10.066699981689453,20.544250011444092,1.1805468593353357,2.409275122187549,torch_row,gems_column
496,2048,512,9.157299995422363,10.099250078201294,20.76930046081543,1.1028632984886158,2.268059413931812,torch_row,gems_column
512,2048,512,9.2501500248909,10.163750052452087,15.228999853134155,1.0987659686710824,1.6463516604763146,torch_row,gems_column
56,2048,512,4.746199995279312,5.111749768257141,55.83845138549805,1.0770194625893166,11.764875361560058,torch_row,gems_column
64,2048,512,4.695049971342087,5.481249988079071,6.640100181102753,1.1674529603594928,1.4142767854725666,torch_row,gems_column
72,2048,512,5.104050040245056,5.337550044059753,6.813749969005585,1.045747984830393,1.3349692724953068,torch_row,gems_column
8,2048,512,3.5324499011039734,4.6807000041008,39.127750396728516,1.3250577177720118,11.07666109701943,torch_row,gems_column
80,2048,512,5.1876500248909,5.648899972438812,46.59590005874634,1.0889130811320706,8.982082414036071,torch_row,gems_row
88,2048,512,5.12565016746521,6.260949969291687,6.983500123023987,1.2214938134156583,1.3624613258531337,torch_row,gems_column
96,2048,512,5.091399848461151,6.145249903202057,7.057149708271027,1.2069863075200087,1.3860922179199917,torch_row,gems_column
2048,2048,512,21.266850233078003,25.068899393081665,42.12280035018921,1.1787781979152718,1.980678844706035,torch_row,gems_column
16384,256,2048,68.78525018692017,83.96735191345215,145.3685474395752,1.2207174021360023,2.1133680119581464,torch_row,gems_column
1,256,2048,3.407849967479706,4.782999902963638,16.60035014152527,1.4035242010671416,4.871209208133699,torch_column,gems_column
104,256,2048,6.429550051689148,7.644450068473816,20.1964008808136,1.1889556822822296,3.1411841759452006,torch_column,gems_column
112,256,2048,6.052799820899963,6.695449948310852,20.334149599075317,1.1061740263062816,3.359461769884193,torch_column,gems_column
120,256,2048,6.572750210762024,7.689700126647949,20.45935034751892,1.169936461917732,3.1127533667747476,torch_column,gems_column
128,256,2048,6.137050092220306,6.559000015258789,12.614150047302246,1.0687545183268703,2.0554093347376616,torch_column,gems_column
136,256,2048,5.622000098228455,9.000900089740753,54.813151359558105,1.6010138620554315,9.749759943410576,torch_row,gems_row
144,256,2048,5.615699887275696,7.899550199508667,17.686650156974792,1.4066902359593363,3.1495005986787143,torch_column,gems_column
152,256,2048,5.674449801445007,9.704750180244446,17.970100045204163,1.710253948809824,3.166844482548431,torch_row,gems_column
16,256,2048,3.4352999925613403,4.669700115919113,16.878949999809265,1.3593281885223103,4.913384576706041,torch_column,gems_row
160,256,2048,5.645250082015991,7.70594984292984,18.082249760627747,1.365032501833461,3.2030910053448585,torch_column,gems_column
168,256,2048,5.829449892044067,8.242700099945068,63.2069993019104,1.4139756327941961,10.84270393818364,torch_column,gems_row
176,256,2048,5.725649893283844,7.379150092601776,18.100450038909912,1.288788212715814,3.1612917967865344,torch_column,gems_column
184,256,2048,5.74539989233017,8.262549936771393,18.47255051136017,1.4381157259047357,3.2151896921953385,torch_column,gems_column
192,256,2048,5.86995005607605,7.33364999294281,18.634349703788757,1.2493547513835606,3.174532922047631,torch_column,gems_column
2,256,2048,3.365049958229065,4.755849987268448,16.585649847984314,1.4133073940368255,4.928797507872036,torch_column,gems_column
200,256,2048,5.87645024061203,8.028900027275085,19.23045039176941,1.3662840147590323,3.272460346701849,torch_column,gems_column
208,256,2048,5.976350009441376,7.420250177383423,19.63770031929016,1.2416023435141832,3.285901978342421,torch_column,gems_column
216,256,2048,5.919850170612335,8.041450083255768,19.922149777412415,1.3583874340562878,3.365313175713654,torch_column,gems_column
224,256,2048,5.947549939155579,7.37089991569519,19.95710015296936,1.2393170282050119,3.3555161969439182,torch_column,gems_column
232,256,2048,6.105149984359741,8.074849843978882,20.185649394989014,1.322629233461118,3.30633144913735,torch_column,gems_column
24,256,2048,3.7038500607013702,5.390450060367584,17.919699549674988,1.4553640055685286,4.838127693074505,torch_column,gems_column
240,256,2048,6.062299907207489,7.3368000984191895,68.53615045547485,1.2102337744288174,11.30530516545247,torch_column,gems_row
248,256,2048,6.089099943637848,8.09799998998642,20.499449968338013,1.3299174040405686,3.3665812941298023,torch_column,gems_column
256,256,2048,6.139400005340576,7.267099916934967,12.728050351142883,1.1836824299790567,2.0731749584765504,torch_column,gems_column
272,256,2048,6.329649984836578,7.792100012302399,17.60249972343445,1.2310475351669194,2.780959415702813,torch_column,gems_column
288,256,2048,6.326600015163422,7.756200134754181,18.00570011138916,1.2259665722764728,2.8460310543156817,torch_column,gems_column
304,256,2048,6.442350149154663,7.736600041389465,18.140900135040283,1.2008971667590325,2.815882358927767,torch_column,gems_column
32,256,2048,3.7287500500679016,5.154899954795837,18.007099628448486,1.3824739887571615,4.829258970608816,torch_column,gems_column
320,256,2048,6.658999919891357,7.67300009727478,18.613750338554382,1.1522751448538786,2.795277153098099,torch_column,gems_column
336,256,2048,6.919800043106079,8.906649947166443,19.619550108909607,1.287125334790531,2.8352770292048803,torch_column,gems_column
352,256,2048,6.941999793052673,9.12674993276596,19.97004985809326,1.3147148091101521,2.876699863644282,torch_row,gems_column
368,256,2048,6.937899887561798,9.2153000831604,20.36419987678528,1.3282549809750792,2.9352109726019577,torch_column,gems_column
384,256,2048,6.967750191688538,8.979899883270264,12.789650559425354,1.2887804005921328,1.835549525682114,torch_row,gems_column
4,256,2048,3.3936500549316406,4.865650087594986,16.917549967765808,1.4337512733595617,4.98506024307995,torch_column,gems_column
40,256,2048,3.9819999039173126,8.4340500831604,32.548149824142456,2.1180437686257503,8.173819841663745,torch_row,gems_row
400,256,2048,7.121599912643433,8.835749924182892,17.608749866485596,1.240697319782907,2.4725834198048187,torch_column,gems_column
416,256,2048,7.07705020904541,8.834500014781952,18.08935046195984,1.248330837541648,2.556057951777599,torch_column,gems_column
432,256,2048,7.066250145435333,8.81974995136261,18.23610007762909,1.2481513914505284,2.5807323123721106,torch_column,gems_column
448,256,2048,7.1097999811172485,8.773750066757202,18.637700080871582,1.2340361318263804,2.621409903284342,torch_column,gems_column
464,256,2048,7.23814994096756,9.079850018024445,19.83364999294281,1.254443482392228,2.7401546188875368,torch_column,gems_column
48,256,2048,4.091949909925461,5.679650008678436,32.24660038948059,1.3880057512194466,7.880497342174943,torch_column,gems_row
480,256,2048,7.247699797153473,9.07719999551773,20.155599117279053,1.2524249416460091,2.780964951831358,torch_column,gems_column
496,256,2048,7.248899936676025,9.109350144863129,20.475449562072754,1.256652764480042,2.8246285285959885,torch_column,gems_column
512,256,2048,7.340649962425232,9.084999859333038,12.861700057983398,1.237628807508416,1.752120060732892,torch_column,gems_column
56,256,2048,4.173450022935867,7.340799868106842,18.2635498046875,1.7589284231904763,4.376127593314217,torch_column,gems_column
64,256,2048,4.19744998216629,6.078750193119049,18.356900215148926,1.4482007454396932,4.373345791645381,torch_column,gems_column
72,256,2048,5.67484974861145,8.702149987220764,35.264599323272705,1.5334590998378501,6.214190839484591,torch_row,gems_row
8,256,2048,3.45210000872612,4.882549941539764,21.68389916419983,1.4143709420925796,6.281364708261026,torch_column,gems_column
80,256,2048,5.723249912261963,7.030099928379059,19.535250067710876,1.2283405470932158,3.4133141776417877,torch_column,gems_column
88,256,2048,6.000550091266632,8.27809989452362,41.33534908294678,1.3795568353927747,6.888593287989946,torch_row,gems_row
96,256,2048,5.818799734115601,7.378699779510498,19.99779999256134,1.2680793491223301,3.4367568753594173,torch_column,gems_column
2048,256,2048,14.397199749946594,15.309549570083618,24.601049423217773,1.0633699494334243,1.7087384943248447,torch_row,gems_column
16384,12288,2048,2890.1858520507812,3677.2483825683594,6802.2564697265625,1.272322463262736,2.353570606852118,torch_column,gems_column
1,12288,2048,19.01015043258667,24.249600172042847,78.72309923171997,1.2756132708174082,4.141108694057204,torch_column,gems_column
104,12288,2048,24.579100608825684,34.89535093307495,98.80160331726074,1.4197163471695535,4.019740383900938,torch_column,gems_column
112,12288,2048,24.511250257492065,34.84879970550537,99.34685230255127,1.421747129967536,4.0531123977319385,torch_row,gems_column
120,12288,2048,26.240849494934082,36.712599992752075,100.34549713134766,1.3990629381049426,3.8240186222141865,torch_column,gems_column
128,12288,2048,26.29330039024353,37.11495041847229,59.00310039520264,1.411574426474216,2.2440355345081175,torch_row,gems_column
136,12288,2048,34.81765031814575,52.30104923248291,159.86979961395264,1.502141837676663,4.591630915732244,torch_column,gems_column
144,12288,2048,35.08774995803833,51.03669881820679,166.64484977722168,1.4545446453318298,4.74937406862832,torch_row,gems_column
152,12288,2048,35.30019998550415,52.267000675201416,166.7514991760254,1.480643188895944,4.723811741704043,torch_column,gems_column
16,12288,2048,16.29409968852997,24.23930048942566,84.58349704742432,1.4876121389197476,5.191050666454792,torch_column,gems_column
160,12288,2048,35.955650806427,50.71199893951416,166.9720458984375,1.4104041451656741,4.643833226586781,torch_row,gems_column
168,12288,2048,37.69700050354004,56.56430006027222,167.54374504089355,1.500498694981326,4.444484781359724,torch_row,gems_column
176,12288,2048,38.46704959869385,53.03465127944946,169.78924751281738,1.3787033794567458,4.413887971241303,torch_row,gems_column
184,12288,2048,38.022600412368774,56.686599254608154,174.29100036621094,1.4908659228937948,4.58387902131791,torch_row,gems_column
192,12288,2048,38.173649311065674,53.099400997161865,175.50039291381836,1.3909961964723545,4.597422465002443,torch_row,gems_column
2,12288,2048,19.19564962387085,23.478599786758423,79.27365064620972,1.2231208761781882,4.129771703460796,torch_column,gems_column
200,12288,2048,40.511648654937744,57.32980012893677,180.2707004547119,1.4151435952964888,4.449848535915847,torch_row,gems_column
208,12288,2048,40.716800689697266,56.20219945907593,184.1213035583496,1.3803196348208417,4.521998301426923,torch_row,gems_column
216,12288,2048,40.80040216445923,57.188498973846436,185.96539497375488,1.4016650802442996,4.557930439610893,torch_row,gems_column
224,12288,2048,41.40699863433838,56.11245155334473,188.49215507507324,1.3551441399766482,4.552181063390543,torch_row,gems_column
232,12288,2048,44.63714838027954,64.57684993743896,191.33130073547363,1.446706438038696,4.286369261437919,torch_row,gems_column
24,12288,2048,17.196800112724304,23.56679916381836,86.01665019989014,1.3704176945326443,5.001898587879989,torch_column,gems_column
240,12288,2048,45.13969898223877,59.219748973846436,192.9619026184082,1.311921663393187,4.274771586189208,torch_row,gems_column
248,12288,2048,44.96309995651245,64.64295148849487,193.57820510864258,1.4376889393973378,4.305268215400365,torch_row,gems_column
256,12288,2048,45.59410095214844,59.25095081329346,111.9173526763916,1.2995310703785572,2.454645454986605,torch_row,gems_column
272,12288,2048,52.816200256347656,91.37010097503662,192.6240062713623,1.7299635439801524,3.64706293403248,torch_row,gems_column
288,12288,2048,52.74274826049805,93.32149982452393,193.65424156188965,1.769371200825679,3.671675215053744,torch_row,gems_column
304,12288,2048,56.70439958572388,91.35124683380127,194.91049766540527,1.611008096394697,3.437308199882196,torch_row,gems_column
32,12288,2048,17.564949989318848,23.30245018005371,86.5487003326416,1.326644834982383,4.927352505146408,torch_column,gems_column
320,12288,2048,57.17794895172119,91.46320343017578,197.4658489227295,1.5996237204556552,3.4535315194579974,torch_row,gems_column
336,12288,2048,57.57625102996826,91.49334907531738,201.6059970855713,1.5890813910008725,3.501547834030319,torch_row,gems_column
352,12288,2048,62.03049898147583,91.46029949188232,204.9093532562256,1.474440815302729,3.3033645806624525,torch_row,gems_column
368,12288,2048,62.913148403167725,91.42159938812256,206.39755249023438,1.453139792055287,3.2806743539136263,torch_row,gems_column
384,12288,2048,63.8108491897583,91.41994953155518,166.7659568786621,1.4326709437715517,2.613442055640723,torch_row,gems_column
4,12288,2048,19.170050024986267,23.494149446487427,80.52030086517334,1.2255653697233508,4.200317722709283,torch_column,gems_column
40,12288,2048,18.493300080299377,25.92099905014038,87.63529777526855,1.4016426996582192,4.738759301733554,torch_column,gems_column
400,12288,2048,72.93735027313232,106.33404731750488,329.4760513305664,1.4578819619757257,4.5172473375679285,torch_column,gems_column
416,12288,2048,73.08764934539795,106.03425025939941,331.5358543395996,1.4507820570107852,4.536140610745681,torch_column,gems_column
432,12288,2048,73.26245069503784,106.21580123901367,336.2544059753418,1.4497986380655952,4.589723695908479,torch_column,gems_column
448,12288,2048,73.79940032958984,106.25110149383545,348.6135673522949,1.439728521089813,4.7237994590115715,torch_column,gems_column
464,12288,2048,79.49184894561768,106.36890411376953,363.8216972351074,1.3381108317978503,4.576842809179174,torch_column,gems_column
48,12288,2048,18.812050223350525,25.87559938430786,88.2125997543335,1.3754800288694573,4.689153957543622,torch_column,gems_column
480,12288,2048,79.87884998321533,106.00675106048584,368.82511138916016,1.3270941066723003,4.617306226449932,torch_column,gems_column
496,12288,2048,80.91814994812012,109.67199802398682,374.4718360900879,1.3553448527221883,4.6277854391156605,torch_column,gems_column
512,12288,2048,80.84175109863281,109.78565216064453,220.4325008392334,1.3580315946731294,2.7267160575268803,torch_column,gems_column
56,12288,2048,20.29425024986267,29.354900121688843,89.33290004730225,1.4464638880604856,4.401882254699543,torch_column,gems_column
64,12288,2048,20.427699089050293,29.456549882888794,90.24499893188477,1.4419905910342183,4.417776007884222,torch_column,gems_column
72,12288,2048,21.66735053062439,28.73579978942871,92.5889539718628,1.3262258229871646,4.273201462310706,torch_column,gems_column
8,12288,2048,16.015700101852417,23.459399938583374,82.40509986877441,1.4647751761953884,5.14526991294269,torch_column,gems_column
80,12288,2048,21.63450002670288,30.941749811172485,94.6327018737793,1.43020406170616,4.3741570989381175,torch_row,gems_column
88,12288,2048,22.85594940185547,32.68734931945801,96.19575023651123,1.4301462059066519,4.208783828892357,torch_column,gems_column
96,12288,2048,22.530500888824463,32.96784996986389,97.76484966278076,1.4632541962800545,4.339222201281548,torch_column,gems_column
2048,12288,2048,335.06845474243164,456.456356048584,841.9839859008789,1.3622779154172053,2.5128715460490456,torch_column,gems_column
16384,64,2048,31.3298499584198,33.20080041885376,74.23974990844727,1.0597178238298952,2.369617154470143,torch_column,gems_column
1,64,2048,4.217150062322617,5.023050010204315,12.311399579048157,1.191100609646754,2.919364831012817,torch_row,gems_column
104,64,2048,3.5897499322891235,5.971750020980835,19.787350296974182,1.6635559951589023,5.512180700664048,torch_row,gems_column
112,64,2048,3.5752999782562256,5.5500999093055725,17.431100010871887,1.5523452418145098,4.875423074114616,torch_row,gems_column
120,64,2048,3.6606501042842865,6.132100224494934,20.557750463485718,1.675139674594454,5.615874196614887,torch_row,gems_column
128,64,2048,3.696800023317337,5.682049989700317,10.881100296974182,1.5370184900078823,2.943383528549642,torch_row,gems_column
136,64,2048,3.883100003004074,6.253949999809265,21.638100147247314,1.6105559977778157,5.572377773044083,torch_row,gems_column
144,64,2048,3.91975000500679,5.844399929046631,13.089999556541443,1.4910134374849007,3.339498575118636,torch_row,gems_column
152,64,2048,3.989749997854233,6.456250250339508,22.754050493240356,1.6182092245909665,5.703126889022605,torch_row,gems_column
16,64,2048,4.052550047636032,4.929300099611282,11.55964970588684,1.21634527437525,2.8524384819454394,torch_row,gems_column
160,64,2048,3.8906000554561615,5.945350229740143,21.53349995613098,1.5281319449431479,5.534750333931777,torch_row,gems_column
168,64,2048,4.012800008058548,6.478700041770935,13.278149962425232,1.6145085797349332,3.308948847627569,torch_row,gems_column
176,64,2048,4.058299958705902,5.673950016498566,39.49034929275513,1.398110064369874,9.730761573707747,torch_column,gems_column
184,64,2048,3.9315499365329742,6.637200117111206,39.710649251937866,1.6881891936400537,10.10050740623597,torch_row,gems_column
192,64,2048,4.012649953365326,5.765849947929382,38.33009958267212,1.4369182497700015,9.552315808291592,torch_column,gems_column
2,64,2048,4.2255499958992,5.043900012969971,18.228899836540222,1.1936671008188189,4.31397092786287,torch_row,gems_column
200,64,2048,4.072549939155579,6.7394497990608215,14.808200001716614,1.6548476752278232,3.636100286786665,torch_row,gems_column
208,64,2048,4.06360000371933,5.775800049304962,14.99684989452362,1.4213505374590243,3.6905329955697685,torch_column,gems_column
216,64,2048,3.946699947118759,6.793400049209595,37.24740028381348,1.7212861733177955,9.43760629966448,torch_row,gems_column
224,64,2048,3.990650027990341,5.8757999539375305,15.25570034980774,1.4723916937653727,3.822860998284629,torch_column,gems_column
232,64,2048,4.0831999480724335,6.934899985790253,15.537300109863281,1.6983983331661308,3.8051773872102475,torch_row,gems_column
24,64,2048,5.070649981498718,5.377500057220459,18.430700302124023,1.060514939276295,3.6347806236620794,torch_row,gems_column
240,64,2048,4.147049933671951,6.080150008201599,15.69545030593872,1.466138605863858,3.784726626631522,torch_column,gems_column
248,64,2048,4.178050011396408,6.475449800491333,38.767149448394775,1.549873692949663,9.2787662528333,torch_row,gems_column
256,64,2048,4.132149964570999,6.280650198459625,11.19545042514801,1.5199473040208704,2.7093524003576004,torch_column,gems_column
272,64,2048,4.1897499561309814,6.343050003051758,12.986549735069275,1.5139447626868021,3.099600184031432,torch_column,gems_column
288,64,2048,4.184799939393997,6.431350111961365,33.6796510219574,1.5368357400838357,8.048091069996183,torch_column,gems_column
304,64,2048,4.235299974679947,6.616249978542328,13.564900159835815,1.5621679734839335,3.202819219637657,torch_column,gems_column
32,64,2048,4.390150010585785,5.124000012874603,11.662449836730957,1.1671582976707668,2.6565037205129163,torch_row,gems_column
320,64,2048,4.25479993224144,6.852799952030182,35.61185002326965,1.6106045081231608,8.3698060050756,torch_column,gems_column
336,64,2048,4.31439995765686,6.09235018491745,14.960399866104126,1.4120967561445532,3.4675505314600183,torch_row,gems_column
352,64,2048,4.386499971151352,6.072149872779846,15.327550172805786,1.3842812977805745,3.494255163253237,torch_row,gems_column
368,64,2048,4.425100088119507,6.202600002288818,15.564150214195251,1.4016858102128666,3.517242526554784,torch_row,gems_column
384,64,2048,4.457100033760071,6.194199919700623,44.9141001701355,1.3897376932945142,10.076978266122815,torch_row,gems_column
4,64,2048,4.212300032377243,5.007500052452087,18.334400057792664,1.1887804795391241,4.352586453212714,torch_row,gems_column
40,64,2048,3.4127500653266907,5.351499915122986,18.4163498878479,1.568090194911682,5.396337128510162,torch_row,gems_column
400,64,2048,4.4540999829769135,6.327849924564362,13.138650059700012,1.4206798115778085,2.9497878606036028,torch_row,gems_column
416,64,2048,4.519650042057037,6.308999955654144,13.239050507545471,1.3959045273298896,2.9292202680187946,torch_row,gems_column
432,64,2048,4.555349946022034,6.42425000667572,13.718899488449097,1.4102648715903168,3.01160166639429,torch_row,gems_column
448,64,2048,4.591049998998642,6.426699757575989,13.87054979801178,1.3998322298772006,3.0212151470877244,torch_row,gems_column
464,64,2048,4.592200070619583,6.539100110530853,45.10800123214722,1.4239580179372702,9.82274302915143,torch_row,gems_column
48,64,2048,3.360150009393692,5.200049877166748,11.967000365257263,1.5475647999730373,3.561448248382398,torch_row,gems_column
480,64,2048,4.654449969530106,6.542049944400787,15.466899871826172,1.4055473766455042,3.3230349392685916,torch_row,gems_column
496,64,2048,4.709549993276596,6.597300171852112,15.582250356674194,1.4008345131213147,3.308649526795465,torch_row,gems_column
512,64,2048,4.749249964952469,6.6628000140190125,11.567150354385376,1.402916263238988,2.4355741305987757,torch_row,gems_column
56,64,2048,3.4424498677253723,5.576850175857544,18.635299801826477,1.6200236430872106,5.413383060866448,torch_row,gems_column
64,64,2048,3.418850004673004,5.277149975299835,12.820000052452087,1.5435453348602137,3.7497989192065346,torch_row,gems_column
72,64,2048,3.4895500540733337,5.752799808979034,14.626349806785583,1.6485792494261031,4.191471559409879,torch_row,gems_column
8,64,2048,4.445500075817108,5.065949857234955,18.478699922561646,1.1395680510260264,4.156720190622234,torch_row,gems_column
80,64,2048,3.49590003490448,5.393249988555908,14.833199977874756,1.542735757518098,4.24302749786152,torch_row,gems_column
88,64,2048,3.570999950170517,5.888199806213379,19.215800166130066,1.6488938360058545,5.381069849976476,torch_row,gems_column
96,64,2048,3.5388000309467316,5.486550033092499,16.20265007019043,1.5503984359423348,4.578571812054538,torch_row,gems_column
2048,64,2048,8.17330002784729,9.114649891853333,12.797349691390991,1.115173780578073,1.5657506328886839,torch_row,gems_row
16384,9216,2048,2157.3822021484375,2710.7789611816406,5058.855438232422,1.2565130826063646,2.3449045946492655,torch_row,gems_column
1,9216,2048,15.929949879646301,17.81035006046295,64.25184965133667,1.1180418140059083,4.033399360121733,torch_column,gems_column
104,9216,2048,21.26199960708618,26.734700202941895,79.90520000457764,1.2573935047027174,3.7581225416798003,torch_row,gems_column
112,9216,2048,20.8079993724823,25.728449821472168,80.29894828796387,1.2364691751911987,3.8590422294108597,torch_row,gems_column
120,9216,2048,22.635899782180786,28.87089967727661,80.90075016021729,1.2754474067783284,3.574001958778029,torch_row,gems_column
128,9216,2048,22.583500146865845,26.855499744415283,48.037850856781006,1.1891646365606579,2.1271215951637035,torch_row,gems_column
136,9216,2048,29.152649641036987,42.92945146560669,128.659348487854,1.4725746027961955,4.41329862197999,torch_column,gems_column
144,9216,2048,29.250950813293457,41.13229990005493,130.0483512878418,1.4061867650935247,4.445952957834783,torch_row,gems_column
152,9216,2048,29.96540069580078,42.826998233795166,133.5950469970703,1.4292149358709143,4.458310047420515,torch_column,gems_column
16,9216,2048,13.895300030708313,17.756600379943848,68.61245155334473,1.2778853526517704,4.937817204501716,torch_column,gems_column
160,9216,2048,29.357500076293945,41.03189945220947,133.64805221557617,1.3976632664762405,4.552433002410051,torch_row,gems_column
168,9216,2048,30.775150060653687,45.796000957489014,133.6934471130371,1.4880837580720565,4.34420130688381,torch_row,gems_column
176,9216,2048,31.262999773025513,43.06684970855713,134.52539920806885,1.377566133167946,4.303022748448493,torch_row,gems_column
184,9216,2048,32.18255043029785,45.81249952316284,138.24124813079834,1.4235198550340264,4.295534265694893,torch_row,gems_column
192,9216,2048,30.8632493019104,43.092050552368164,136.2608003616333,1.3962253335944383,4.414985571632567,torch_row,gems_column
2,9216,2048,16.101549863815308,17.785549759864807,64.65189933776855,1.104586198862379,4.015259393324582,torch_column,gems_column
200,9216,2048,34.906100034713745,46.38265132904053,144.3314504623413,1.3287835445069336,4.134848932387325,torch_row,gems_column
208,9216,2048,33.339500427246094,45.71470022201538,146.62480354309082,1.3711873194313338,4.3979304327927,torch_row,gems_column
216,9216,2048,34.85769987106323,46.496548652648926,148.6994504928589,1.3338960638434887,4.265899673325842,torch_row,gems_column
224,9216,2048,33.59429955482483,45.82925081253052,148.4288501739502,1.3641972423844895,4.418274890111015,torch_row,gems_column
232,9216,2048,38.26735019683838,50.887651443481445,150.82125186920166,1.3297929222098515,3.941251513193678,torch_row,gems_column
24,9216,2048,14.662750363349915,17.346450090408325,69.50724840164185,1.1830283992126345,4.740396356701113,torch_column,gems_column
240,9216,2048,36.28600001335144,48.67315053939819,149.1108512878418,1.3413754759821666,4.10932181097328,torch_row,gems_column
248,9216,2048,39.55384969711304,52.247798442840576,154.79740142822266,1.320928274818571,3.9135862277274374,torch_row,gems_column
256,9216,2048,36.62534952163696,48.16620111465454,90.36864757537842,1.31510556878644,2.467379799938614,torch_row,gems_column
272,9216,2048,41.04495048522949,64.7992491722107,143.68814945220947,1.5787386366936773,3.500750951177718,torch_column,gems_column
288,9216,2048,41.49719953536987,64.98514890670776,144.10085201263428,1.566012878804462,3.4725440180562264,torch_column,gems_column
304,9216,2048,44.5376992225647,68.30734968185425,145.53775310516357,1.5336973142799175,3.267742960359927,torch_column,gems_column
32,9216,2048,14.831799864768982,17.33810007572174,69.90219831466675,1.1689815284594118,4.7129949805155045,torch_column,gems_column
320,9216,2048,44.61280107498169,68.1427001953125,146.64430141448975,1.527424832186251,3.2870453744435713,torch_column,gems_column
336,9216,2048,44.71640110015869,69.73320007324219,150.66975116729736,1.5594546599814518,3.3694516432531656,torch_row,gems_column
352,9216,2048,48.04445028305054,68.09545040130615,153.5242509841919,1.4173426899491313,3.195462745014553,torch_column,gems_column
368,9216,2048,48.513450622558594,68.20525169372559,154.54064846038818,1.4059039466059,3.1855216744472776,torch_column,gems_column
384,9216,2048,49.0223503112793,68.24105024337769,122.60554790496826,1.3920395454331462,2.5010132546982065,torch_column,gems_column
4,9216,2048,15.924800038337708,17.78310000896454,65.64390182495117,1.1166922012303526,4.122117807879447,torch_column,gems_column
40,9216,2048,16.26675009727478,19.16474997997284,70.79294919967651,1.1781548167500016,4.352003244430286,torch_column,gems_column
400,9216,2048,56.86839818954468,85.73825359344482,245.4148006439209,1.507660780380621,4.3154864293160395,torch_column,gems_column
416,9216,2048,56.71334981918335,90.20014762878418,248.8588523864746,1.590457060222422,4.388011873393129,torch_column,gems_column
432,9216,2048,56.79025173187256,85.79054832458496,249.32559967041016,1.5106562430755432,4.390288686297201,torch_column,gems_column
448,9216,2048,57.45599985122681,90.75119972229004,255.06624221801758,1.57949039190469,4.439331712588261,torch_column,gems_column
464,9216,2048,61.836748123168945,85.79800128936768,273.63759994506836,1.387492128765758,4.425161546335294,torch_column,gems_column
48,9216,2048,15.97379982471466,19.249449968338013,71.43189907073975,1.2050639284057678,4.4718163401685,torch_column,gems_column
480,9216,2048,61.95510149002075,90.54354667663574,274.65020179748535,1.4614381140384347,4.433052245773883,torch_column,gems_column
496,9216,2048,61.95724964141846,89.06260013580322,279.1802978515625,1.4374847277963227,4.506015025962842,torch_column,gems_column
512,9216,2048,62.592551708221436,89.03774738311768,166.66595458984375,1.4224974849750807,2.662712256352259,torch_column,gems_column
56,9216,2048,16.78409993648529,21.530749797821045,72.3601508140564,1.282806339291241,4.311232123729187,torch_column,gems_column
64,9216,2048,17.152600288391113,21.72784924507141,73.30579996109009,1.2667379219334358,4.273742682076226,torch_column,gems_column
72,9216,2048,18.469199538230896,23.252699375152588,74.77215051651001,1.258998763158086,4.048478135813794,torch_row,gems_column
8,9216,2048,13.051900267601013,17.86745011806488,66.84334993362427,1.3689539263809425,5.121350038166536,torch_column,gems_column
80,9216,2048,18.867599964141846,22.866750955581665,76.87809944152832,1.2119586486378906,4.07460936142574,torch_row,gems_column
88,9216,2048,19.16154980659485,24.737050533294678,77.95525074005127,1.290973370263657,4.068316578089176,torch_row,gems_column
96,9216,2048,19.77935016155243,24.49829936027527,78.8445496559143,1.238579587305939,3.9862052601290316,torch_row,gems_column
2048,9216,2048,253.97284507751465,325.27265548706055,635.7775497436523,1.280737928449731,2.503328848206617,torch_row,gems_column
